,0,1,2,3,4,5,6,7,8,9,10,11,12,13,14,15,16,17,18,19,20,21,22,23,24,25,26,27,28,29,30,31,32,33,34,35,36,37,38,39,40,41,42,43,44,45,46,47,48,49,50,51,52,53,54,55,56,57,58,59,60,61,62,63,64,65,66,67,68,69,70,71,72,73,74,75,76,77,78,79,80,81,82,83,84,85,86,87,88,89,90,91,92,93,94,95,96,97,98,99,100,101,102,103,104,105,106,107,108,109,110,111,112,113,114,115,116,117,118,119,120,121,122,123,124,125,126,127,128,129,130,131,132,133,134,135,136,137,138,139,140,141,142,143,144,145,146,147
0,90,168,84,109,182,101,100,122,174,141,84,105,127,119,125,84,183,129,96,96,103,125,84,100,107,105,145,84,147,138,142,142,176,127,90,153,215,84,197,86,170,212,134,84,190,87,84,160,84,100,94,92,194,119,167,142,103,84,186,186,84,92,125,116,89,94,118,110,112,118,196,116,112,84,123,121,84,174,84,185,84,84,156,119,84,110,129,92,84,89,195,129,94,112,129,137,87,96,134,96,84,107,168,84,84,84,167,118,100,84,109,182,100,84,122,138,96,94,178,84,107,98,163,84,95,183,84,113,190,134,84,125,107,112,129,112,96,123,94,121,94,141,109,84,84,118,103,125
1,84,147,107,86,158,98,131,101,190,84,131,95,147,84,122,84,196,152,113,89,103,113,125,96,84,110,129,98,112,104,158,112,116,84,145,166,220,138,174,84,160,193,87,96,192,113,92,197,105,84,84,87,182,95,195,147,116,84,209,206,86,95,113,86,123,121,100,162,131,94,194,128,112,110,135,84,135,176,112,188,87,84,178,84,84,101,144,86,84,84,206,101,84,104,84,192,110,89,84,110,98,84,176,84,84,84,171,84,100,87,118,174,92,87,89,129,104,94,156,116,95,95,182,84,94,185,110,118,186,89,84,103,84,84,129,132,123,127,115,137,89,138,98,84,98,101,141,101
2,84,165,122,84,180,104,95,84,171,96,92,84,110,90,168,123,206,153,84,115,118,84,135,84,118,94,156,84,135,129,139,131,170,125,98,186,212,103,147,89,92,204,142,84,162,116,90,193,119,121,90,127,145,98,200,168,121,98,170,197,84,129,84,134,86,95,104,154,123,125,176,101,101,115,129,84,129,193,104,170,128,119,194,135,109,147,119,107,84,104,196,145,84,84,84,174,110,84,89,113,103,84,201,109,103,84,176,84,84,87,84,178,89,103,105,92,84,84,174,113,134,115,191,94,84,194,84,119,170,141,103,84,95,84,122,84,103,162,119,145,84,147,84,118,94,105,84,87
3,84,150,132,84,176,84,105,125,165,109,112,119,141,110,161,104,190,100,115,109,84,84,170,95,84,115,105,105,153,132,153,131,167,107,153,189,215,121,181,105,129,206,142,95,172,103,100,163,116,119,105,118,188,112,185,86,113,119,209,196,84,110,98,145,94,116,115,166,123,135,182,132,87,86,104,84,84,178,84,158,84,84,195,137,123,115,154,113,121,84,187,110,84,92,84,105,101,128,131,92,84,109,191,105,103,122,194,103,84,118,98,182,110,115,84,84,127,112,149,84,127,84,186,101,84,185,84,100,141,147,89,84,84,84,84,84,84,145,138,179,86,131,84,95,89,125,110,84
4,96,127,107,84,171,122,107,84,165,84,84,84,156,100,137,84,174,139,118,84,84,113,145,84,84,100,150,128,141,129,149,121,172,104,135,142,215,116,194,125,160,193,150,84,171,92,95,199,100,100,92,113,119,112,208,157,84,95,186,168,109,110,84,115,134,100,94,171,84,84,176,87,87,110,138,84,96,123,84,185,96,84,183,104,92,142,125,115,84,101,197,84,84,98,116,154,129,84,84,95,104,86,193,84,87,84,162,84,84,94,116,139,84,84,98,101,107,84,92,90,98,101,131,86,84,89,115,89,182,84,84,94,121,84,128,127,84,168,129,110,95,145,116,132,94,110,131,84
5,125,127,84,118,197,112,96,89,181,95,116,113,137,107,129,112,152,115,84,96,107,84,154,98,89,84,121,84,178,84,179,110,182,98,139,192,207,103,182,94,160,207,154,119,188,84,139,160,107,145,90,123,174,121,152,107,105,96,191,202,113,90,84,84,125,103,90,165,84,127,137,90,84,84,116,104,95,110,84,171,84,84,167,112,127,149,116,92,84,94,162,132,125,107,84,160,112,95,116,103,121,98,145,107,84,84,202,104,127,101,101,161,84,84,123,147,84,105,112,96,123,105,152,84,84,185,95,113,193,135,89,104,87,84,101,84,147,153,104,192,121,123,109,121,84,127,84,112
6,84,84,122,84,89,103,84,94,179,122,137,100,141,84,171,103,179,131,90,104,101,119,98,105,84,87,139,84,176,137,152,131,134,122,135,186,202,84,157,96,141,153,157,115,167,95,125,167,110,90,84,84,196,135,166,109,84,84,183,202,122,84,100,113,129,112,105,147,135,100,167,92,84,103,134,84,84,134,118,160,84,84,147,84,139,163,152,87,84,84,145,135,109,115,135,154,139,84,94,105,84,105,150,84,127,84,194,109,89,84,84,165,86,101,109,95,84,92,147,84,84,84,174,84,84,191,84,116,168,132,84,100,127,109,142,115,103,144,112,199,125,182,84,100,84,121,96,112
7,104,122,118,84,180,87,123,125,162,84,112,98,139,84,156,84,172,84,110,84,84,84,167,104,92,135,128,84,84,92,158,95,193,84,153,199,220,123,170,125,152,192,153,84,178,84,122,176,84,110,100,109,167,84,161,153,104,96,203,199,125,87,132,145,137,105,125,129,86,129,154,109,104,131,116,142,141,131,121,162,144,107,194,90,113,129,150,129,89,112,189,144,98,104,137,176,110,84,104,115,110,84,180,92,101,89,170,112,92,92,96,144,84,84,90,116,100,90,158,103,84,105,160,84,84,185,84,105,165,131,109,94,110,112,84,84,131,125,113,158,121,187,125,121,104,105,98,95
8,95,115,89,84,162,98,123,139,181,84,89,100,84,84,163,90,174,84,96,110,98,84,141,84,84,122,84,95,84,118,157,84,189,84,128,188,217,122,183,132,156,190,141,110,191,96,138,174,119,141,119,109,176,84,170,170,84,84,150,171,125,84,141,142,112,96,116,150,101,128,135,123,121,144,103,156,152,174,131,158,134,113,167,98,100,150,149,98,84,115,193,127,118,131,105,161,89,89,113,84,127,115,178,84,84,84,179,125,109,89,84,156,84,84,90,135,107,89,153,87,87,110,163,84,84,172,84,129,170,156,87,107,119,109,84,84,84,160,118,179,101,160,128,121,87,89,107,95
9,84,147,104,84,178,105,100,104,186,107,98,84,142,100,127,107,180,100,94,98,101,92,113,90,98,113,90,121,115,101,141,84,162,84,121,185,190,128,168,107,179,196,94,104,165,109,113,181,84,104,84,84,170,107,182,152,127,121,210,183,103,107,125,113,101,95,139,144,125,84,176,105,107,92,147,84,113,167,109,145,84,123,187,84,109,125,139,112,109,86,158,87,110,84,105,176,104,109,112,84,109,84,161,84,98,84,154,95,98,100,84,179,103,84,127,115,89,103,138,110,105,86,163,105,84,149,105,84,196,84,84,84,92,87,122,96,84,165,112,172,86,165,84,100,109,84,84,103
10,90,127,84,112,199,100,92,110,202,107,84,104,161,127,154,104,165,144,84,84,84,101,163,84,89,101,112,127,167,84,105,89,181,109,103,185,181,84,176,115,176,204,161,84,154,104,96,162,118,96,90,129,119,122,190,165,92,87,167,194,132,101,129,95,84,84,96,182,113,109,165,89,103,127,129,144,84,160,125,113,119,84,180,142,119,157,144,112,84,122,183,123,118,84,96,160,92,84,145,84,84,92,185,90,84,95,187,84,110,84,84,156,115,132,132,123,84,107,149,84,95,84,163,94,84,199,100,86,135,101,86,101,84,98,118,105,94,134,131,160,84,183,125,128,103,89,84,87
11,98,112,89,109,170,128,84,105,144,84,103,104,127,84,121,101,165,137,84,110,92,110,127,90,84,84,134,84,182,129,158,131,172,94,135,188,165,118,167,139,134,202,149,90,189,84,84,153,104,105,94,84,162,118,176,156,84,121,192,176,115,84,96,100,129,84,134,153,110,127,163,95,113,94,113,128,103,189,84,180,104,119,129,119,134,154,165,116,89,96,186,116,84,113,105,160,139,116,84,112,84,87,153,109,92,94,167,84,84,98,84,166,103,110,84,84,84,86,163,84,98,98,161,113,92,199,128,84,199,135,84,129,121,84,84,139,84,171,87,181,95,162,100,84,96,84,109,87
12,107,153,113,119,178,107,84,94,147,112,84,103,137,92,132,109,180,127,92,84,84,116,134,109,84,100,118,125,162,103,141,138,95,116,152,170,196,128,152,90,119,208,154,141,182,84,137,161,92,103,103,101,174,86,208,96,105,104,187,112,84,90,84,100,109,109,132,138,121,84,154,115,95,84,127,84,84,180,84,157,119,84,137,84,115,113,123,84,92,84,185,127,84,118,96,135,121,138,84,118,107,84,160,84,84,84,178,84,84,84,116,181,84,95,125,139,116,98,183,84,95,84,160,95,84,193,94,109,129,138,84,101,101,98,112,98,129,154,113,154,115,121,129,94,84,92,84,122
13,84,145,109,84,84,96,84,128,95,132,86,128,104,119,139,84,160,87,84,84,84,84,128,84,89,100,131,115,121,119,125,109,170,141,129,112,201,112,182,84,137,199,129,84,170,119,84,160,121,123,121,128,134,113,188,84,98,84,207,161,116,113,118,84,125,144,147,149,145,128,152,142,131,98,137,84,122,174,87,139,84,116,90,137,84,167,137,98,134,95,150,122,84,105,101,142,96,125,115,86,142,115,147,122,119,115,134,101,116,104,115,162,107,119,123,84,119,115,147,123,104,90,163,116,84,180,119,84,150,84,84,105,84,101,94,121,84,160,84,179,113,147,84,116,84,112,84,95
14,100,147,107,84,162,113,113,121,179,96,84,84,156,89,112,84,162,135,89,113,101,84,129,115,94,84,96,105,121,127,105,100,170,152,145,186,160,127,84,103,125,210,178,84,190,84,121,160,138,104,116,84,166,86,208,152,116,100,207,179,122,84,84,109,84,141,134,144,84,127,178,139,84,118,129,121,131,178,129,129,128,107,179,90,105,142,139,84,147,84,178,101,132,109,89,167,95,84,129,84,105,119,172,104,101,119,129,119,84,84,127,137,98,121,84,127,112,119,176,84,84,101,129,96,86,153,87,84,105,119,84,84,84,100,107,84,105,84,84,187,84,138,129,84,135,84,84,112
15,87,128,84,84,147,84,84,89,171,105,107,121,113,84,113,123,150,150,104,84,92,98,84,86,92,96,142,84,127,113,105,137,189,125,149,105,183,142,156,122,147,193,150,134,139,113,84,187,84,105,107,104,139,84,182,147,150,84,201,200,121,127,92,131,95,89,138,154,109,137,142,115,131,138,92,84,149,84,132,116,122,141,134,145,110,154,141,135,127,115,147,139,84,137,112,145,125,104,84,134,139,128,144,105,107,90,162,118,110,84,101,127,84,84,123,84,100,131,121,123,84,104,170,110,89,129,110,98,147,121,84,121,125,84,121,84,84,123,123,147,84,156,116,105,115,116,107,122
16,87,154,101,116,154,84,131,84,176,104,84,107,144,127,131,84,163,123,84,105,84,129,96,95,84,84,147,94,165,161,163,107,191,123,129,150,189,137,134,100,161,179,131,113,142,98,113,160,84,84,122,104,174,84,174,118,132,132,207,145,101,123,109,153,128,138,129,149,144,139,161,150,128,158,84,129,165,84,118,168,131,113,145,123,149,87,137,116,142,152,123,118,84,150,94,165,110,138,94,110,84,119,178,84,121,101,128,84,105,118,84,152,116,137,125,125,125,109,156,87,103,103,160,84,122,135,132,98,171,84,89,109,116,123,84,101,144,110,125,84,84,105,116,94,86,104,95,98
17,84,127,132,125,179,103,131,84,144,84,89,96,121,104,113,84,160,84,84,121,127,132,109,96,96,89,118,84,147,135,167,89,205,98,116,152,154,141,101,84,163,205,149,113,135,104,118,158,121,125,125,134,174,127,191,121,134,125,153,156,109,147,84,165,104,139,144,168,141,104,110,134,119,147,118,138,142,145,119,142,110,96,137,144,96,112,125,84,127,141,84,139,92,123,95,168,84,123,84,96,84,141,165,84,129,86,149,84,112,84,94,170,109,116,105,153,110,113,147,105,131,84,152,95,109,135,115,109,165,112,112,95,87,118,84,96,157,92,138,150,113,113,119,103,84,122,123,116
18,129,139,129,84,187,98,125,92,171,107,84,149,129,90,115,110,131,98,84,98,96,96,101,84,84,84,142,128,125,94,153,103,202,84,145,186,197,94,144,105,141,206,98,95,161,84,84,163,127,128,119,122,152,125,200,118,115,109,207,167,118,107,121,119,119,92,122,115,137,103,153,92,84,104,110,110,84,119,84,163,122,116,162,84,104,119,160,84,84,116,110,153,112,100,115,161,100,100,160,138,128,96,129,84,84,112,174,84,84,84,122,84,84,84,122,118,101,110,162,84,105,84,180,89,86,84,104,84,109,153,89,87,100,121,115,101,86,144,128,176,84,129,84,100,141,98,128,98
19,98,125,129,96,186,87,119,132,162,112,109,119,84,86,145,86,127,115,107,98,109,84,122,84,115,84,131,107,131,84,199,84,200,116,113,161,167,84,158,154,96,214,137,112,113,132,127,128,90,141,84,98,109,129,206,84,84,125,219,157,121,129,92,107,122,84,131,152,123,101,157,110,128,110,105,115,101,137,138,113,95,134,163,122,147,112,160,94,119,84,116,142,110,96,84,139,134,115,123,84,92,96,160,98,84,84,154,101,84,90,121,166,98,128,109,109,92,100,138,84,139,84,131,84,94,125,104,104,161,113,84,84,84,144,112,123,110,142,96,202,113,142,112,89,96,119,109,94
20,84,86,84,84,162,84,84,115,170,84,94,138,123,127,147,105,150,95,112,98,86,84,125,104,119,127,84,84,98,141,89,95,191,147,157,158,202,145,139,100,119,221,127,157,103,104,113,154,162,89,125,84,157,86,213,118,84,89,189,142,101,127,121,84,100,132,142,138,84,95,132,128,131,84,115,105,105,134,101,109,105,131,157,119,113,122,147,84,84,84,104,84,101,139,84,152,142,84,121,131,119,84,128,94,84,86,153,103,96,115,84,157,89,112,84,129,84,107,129,84,92,105,103,84,90,147,84,113,144,134,100,86,84,116,84,84,86,115,112,191,115,84,98,110,89,98,96,118
21,84,121,94,116,147,109,121,112,153,84,90,84,137,137,186,84,138,87,107,84,86,84,84,89,84,86,134,122,112,147,199,100,185,129,107,190,209,141,181,147,160,218,86,109,149,119,109,101,158,98,84,119,139,144,213,121,84,116,202,145,115,125,104,141,86,131,128,113,87,84,134,86,89,87,113,103,104,116,84,144,84,107,154,105,84,125,139,132,127,125,115,134,96,84,122,118,127,84,115,105,113,84,132,84,84,84,128,98,104,90,84,119,84,104,105,84,109,84,123,98,84,90,145,115,116,129,122,113,135,141,84,84,84,86,103,84,109,147,84,206,87,112,84,105,92,90,92,84
22,84,129,121,84,139,113,89,109,153,103,118,131,104,87,196,98,107,116,107,110,95,84,137,109,84,123,112,121,147,119,206,100,174,134,171,154,217,132,153,137,163,212,109,141,137,121,84,109,122,84,113,121,157,92,206,84,118,105,217,171,107,105,104,107,100,128,138,138,118,109,152,84,128,84,121,105,128,172,84,141,95,84,153,113,139,95,170,121,87,145,153,132,115,84,90,90,95,122,107,84,84,118,170,84,100,123,145,110,84,84,103,161,116,84,144,84,109,104,145,84,113,84,121,135,84,103,115,103,147,84,95,87,84,84,84,132,135,139,122,217,84,142,84,89,95,84,112,107
23,84,118,100,105,149,116,116,84,147,84,84,100,135,87,196,84,147,115,109,110,84,109,84,84,95,119,149,109,161,150,190,137,156,105,101,122,217,131,163,84,195,204,122,134,176,84,112,157,107,87,129,101,152,84,217,92,109,103,217,139,125,101,116,84,141,84,84,118,125,89,144,127,92,96,113,116,84,162,103,165,84,129,147,112,105,141,142,84,128,127,123,109,119,129,100,144,121,94,110,84,128,131,135,84,84,123,174,101,84,104,135,86,84,95,131,113,84,128,116,110,101,84,127,112,123,129,92,84,125,125,129,84,122,128,84,92,118,147,128,216,121,110,84,86,101,107,84,112
24,84,163,149,121,96,101,115,105,168,95,134,84,123,116,150,92,98,96,87,110,116,103,139,84,109,84,139,105,168,135,208,118,176,141,176,149,219,107,110,109,161,216,170,84,150,84,129,160,137,101,104,84,147,122,219,113,118,105,217,165,95,98,84,129,96,142,92,96,103,84,157,132,112,115,103,116,119,163,86,149,95,84,141,112,113,95,139,98,90,132,144,87,115,84,132,150,122,92,94,107,119,131,142,128,134,122,137,119,84,109,119,116,110,84,138,125,127,116,137,84,122,90,138,84,84,84,84,115,96,128,84,86,84,84,96,96,84,189,96,178,87,170,134,113,94,84,84,122
25,104,135,90,84,147,87,84,96,137,84,112,147,84,84,160,104,132,87,94,84,92,101,116,84,109,104,123,122,128,113,195,84,183,129,121,144,220,98,147,141,129,202,176,84,156,127,110,144,134,115,134,96,142,104,218,131,89,84,214,95,131,119,84,116,122,125,101,121,121,84,147,95,135,84,107,149,137,152,113,98,100,105,141,118,84,134,127,147,137,84,142,131,128,121,87,110,138,110,118,128,112,98,84,96,87,129,150,100,84,84,104,161,84,96,84,129,84,84,105,84,107,84,129,118,84,139,104,103,147,103,89,105,84,121,84,127,121,194,104,206,84,156,94,109,94,95,145,89
26,115,127,152,101,144,96,84,84,84,109,113,132,119,84,171,113,128,84,84,84,112,86,84,94,116,116,84,125,147,131,176,95,138,84,96,166,192,84,145,138,163,193,158,84,160,125,115,84,92,92,132,107,121,103,210,129,84,89,219,157,119,134,84,132,115,123,94,110,84,123,162,113,110,84,95,125,137,163,113,141,103,84,132,127,84,141,134,141,118,104,138,137,135,125,116,147,110,138,121,121,84,116,86,84,84,96,160,105,101,103,90,145,118,107,121,131,101,119,84,84,110,94,135,86,84,128,101,110,139,112,127,84,84,84,84,118,84,178,103,196,134,166,96,123,109,103,139,92
27,89,135,121,95,131,84,115,84,147,128,84,107,112,84,161,125,84,84,123,95,84,92,105,98,101,118,98,104,127,84,107,129,196,103,125,122,216,84,147,84,101,207,166,101,122,112,134,84,129,100,103,115,109,109,188,90,94,92,215,84,84,84,137,89,84,134,113,92,113,84,107,113,118,84,129,121,139,134,84,142,115,101,122,135,84,94,168,121,92,103,123,116,95,105,116,142,101,135,116,129,107,109,110,95,100,84,112,84,105,84,92,116,118,113,86,95,84,84,84,84,84,84,145,110,87,157,86,104,141,84,84,101,113,119,115,84,137,202,134,207,101,84,125,84,113,121,94,107
28,116,100,137,84,110,128,84,127,160,84,92,84,84,86,163,94,153,103,101,119,115,84,84,109,98,84,105,84,110,171,196,84,211,131,123,152,206,98,147,113,84,204,147,105,112,134,141,141,113,139,142,122,156,137,199,84,150,105,219,118,101,105,84,154,142,138,134,135,122,147,147,112,131,96,95,138,119,123,147,129,112,98,134,84,147,84,166,122,150,145,149,141,86,129,101,142,110,131,135,112,87,122,96,96,103,84,98,122,84,84,95,141,105,84,84,119,94,113,90,95,135,84,98,116,84,141,84,109,100,135,87,84,84,147,84,84,119,174,84,209,84,152,84,84,122,84,125,94
29,84,115,84,132,98,100,84,121,100,122,84,128,84,84,150,112,84,131,84,101,105,84,98,119,94,90,96,123,104,135,191,118,207,100,115,150,216,125,156,122,157,209,157,131,115,89,116,132,170,84,127,115,107,128,191,127,115,105,220,122,113,118,115,84,107,129,153,147,84,96,84,103,92,118,84,115,84,119,98,101,134,107,149,113,139,145,152,129,89,119,123,84,84,90,105,115,132,128,119,138,84,101,84,90,84,98,134,104,84,84,86,115,84,89,112,90,122,84,119,98,84,84,135,105,94,107,84,84,135,113,95,103,87,84,95,137,116,125,135,205,105,87,90,84,101,98,101,127
30,84,144,147,84,138,122,113,115,127,94,101,84,135,96,161,84,128,137,92,84,84,87,123,84,84,116,94,123,150,141,188,96,202,89,118,135,216,84,87,109,135,160,118,90,138,84,84,118,144,115,132,104,125,127,212,84,125,92,214,145,84,113,119,103,84,84,150,147,128,121,118,123,89,101,105,90,125,94,132,119,84,84,122,94,139,127,139,96,142,84,141,90,95,94,84,134,101,86,123,94,90,104,118,84,129,84,123,84,84,84,84,132,104,116,86,92,137,84,90,94,96,107,84,84,104,134,112,118,139,144,113,110,94,101,84,116,94,158,116,197,84,145,100,100,100,119,138,84
31,129,84,137,84,147,121,89,84,153,113,98,145,121,112,178,84,116,122,84,86,95,87,84,110,110,90,113,127,157,123,204,84,180,104,161,147,213,84,137,134,139,176,128,84,165,103,98,149,147,84,84,125,84,142,210,115,127,112,204,147,113,84,132,109,128,121,144,100,101,84,119,121,109,84,110,115,116,134,101,109,112,104,110,121,84,131,156,122,103,84,119,98,96,128,113,84,123,89,84,98,118,105,87,84,90,113,112,84,107,95,96,128,84,105,122,112,84,84,116,127,125,84,116,121,84,129,84,112,115,109,84,84,87,95,101,116,115,160,95,176,84,135,101,128,104,95,112,121
32,95,142,134,119,141,89,134,116,157,101,94,128,128,84,147,84,139,113,113,137,84,101,100,84,122,92,84,121,107,162,178,121,187,96,163,142,211,116,137,95,135,190,167,134,160,113,138,84,127,122,112,98,134,109,185,107,118,90,220,87,107,89,107,125,112,122,84,128,107,84,123,113,115,107,95,107,84,141,84,142,84,84,118,134,100,128,147,105,125,84,105,152,94,127,92,95,121,101,122,128,103,118,134,84,84,84,105,86,104,84,84,116,84,84,90,96,116,125,109,84,104,98,132,135,84,123,84,128,119,113,84,84,129,119,119,84,84,174,84,210,125,122,84,119,147,129,139,90
33,84,125,139,132,123,105,115,112,131,123,84,118,113,84,147,105,113,110,84,84,84,121,84,87,121,84,161,116,105,95,204,145,178,135,147,123,210,84,144,95,157,206,138,147,100,84,121,139,153,110,84,84,141,135,220,84,104,98,220,118,100,119,100,123,84,122,84,119,119,129,142,84,118,122,84,84,84,139,122,122,125,98,105,125,123,127,160,103,84,128,116,94,116,110,96,128,101,110,118,84,104,86,116,84,84,112,84,84,100,84,127,128,84,110,100,115,119,134,87,84,84,84,84,104,95,103,118,103,154,84,115,84,118,110,95,84,105,176,84,201,134,118,104,101,84,84,132,101
34,105,115,154,137,104,127,119,122,162,110,115,119,84,98,163,84,119,105,84,96,84,123,105,84,84,84,152,112,150,115,187,132,171,141,118,112,220,84,163,129,132,221,154,161,153,84,112,153,132,104,95,128,135,87,202,84,129,100,217,121,131,113,84,84,125,128,105,92,127,132,141,121,112,123,84,94,84,84,116,96,131,84,96,94,135,125,134,112,100,123,84,100,96,104,84,141,86,118,125,101,84,105,138,101,84,115,123,84,90,84,92,139,84,118,104,121,98,147,109,84,84,95,128,96,105,84,112,128,138,115,94,84,119,107,104,84,84,179,98,196,141,125,109,86,84,87,123,107
35,84,142,121,84,84,116,115,115,132,84,89,147,123,129,144,121,110,84,100,92,112,125,84,109,96,84,162,105,165,147,174,131,172,113,123,168,216,134,118,84,119,220,188,147,152,84,121,84,135,86,103,137,125,113,182,122,123,94,220,96,123,84,84,144,104,128,84,84,84,125,123,84,112,98,104,89,98,96,119,113,112,95,137,110,84,118,112,107,86,105,94,144,84,118,122,144,84,98,113,113,84,84,134,103,115,98,149,113,84,92,125,122,84,95,84,132,84,127,98,84,84,115,109,104,84,115,119,122,90,109,90,94,84,100,92,84,144,202,107,220,94,115,107,89,89,122,101,84
36,90,129,109,103,84,116,132,96,138,84,84,116,84,105,200,100,113,110,104,98,98,113,84,89,101,115,187,129,107,118,204,142,202,122,138,157,202,96,139,84,127,197,168,144,160,89,118,144,84,84,84,84,84,90,218,84,141,84,221,138,84,110,118,89,94,84,115,104,92,94,135,119,103,84,116,104,121,104,84,98,122,118,84,127,112,132,128,95,113,86,134,132,84,94,107,135,125,131,132,119,96,119,89,87,109,105,101,84,84,84,113,96,84,84,105,116,92,125,127,112,129,110,101,107,84,112,107,84,147,87,84,123,98,110,100,84,157,196,129,211,100,96,84,84,112,104,139,90
37,96,125,132,101,84,141,84,96,131,84,84,135,125,84,194,127,134,84,87,84,125,104,84,96,107,104,116,119,176,84,215,84,202,134,170,94,185,110,113,96,157,212,190,145,137,104,134,152,127,123,131,127,98,103,217,84,84,113,218,115,119,104,84,86,121,109,84,98,94,84,131,119,84,131,84,84,119,145,144,105,84,135,135,96,125,166,135,119,123,84,119,157,103,96,109,115,127,138,84,84,84,84,127,116,90,84,109,94,84,84,100,84,116,84,96,84,107,105,115,122,104,116,107,107,92,122,119,132,92,149,84,125,84,84,84,92,142,201,122,186,103,96,87,100,89,84,118,103
38,105,116,122,125,89,127,84,134,128,100,96,161,150,112,170,89,154,107,86,84,84,113,109,84,101,122,176,90,154,138,191,134,135,116,119,154,217,90,134,113,128,205,149,123,144,118,118,134,147,115,84,115,116,87,213,112,134,110,210,84,92,122,87,84,98,116,90,121,84,100,112,127,104,123,84,84,90,122,123,92,101,94,132,90,115,125,122,118,112,84,105,154,109,115,113,115,129,109,84,84,84,84,95,101,112,101,103,84,96,104,84,84,84,96,90,118,89,113,84,84,128,96,90,100,84,90,84,84,84,160,103,84,84,84,128,127,134,174,142,217,84,105,119,122,103,84,125,104
39,122,144,118,101,105,122,115,132,132,92,90,147,152,84,180,87,142,84,113,139,87,104,109,128,92,134,161,107,131,131,199,94,196,141,160,193,215,84,125,84,107,216,145,125,161,113,100,84,105,84,84,110,84,129,218,96,152,84,219,141,113,112,84,84,96,90,84,110,112,110,113,89,84,84,84,89,119,113,132,84,107,96,123,95,116,107,84,89,84,100,115,119,109,104,86,131,115,122,121,142,118,104,128,119,125,132,84,84,84,84,84,84,84,84,84,84,115,84,86,121,84,84,84,122,84,86,103,90,134,84,98,98,90,84,104,134,134,166,132,220,128,121,96,84,98,84,90,118
40,90,141,145,92,128,122,132,105,87,121,122,147,134,92,191,84,125,110,84,142,84,101,95,86,118,118,147,138,176,147,187,131,196,95,87,182,218,116,171,84,119,200,170,129,157,101,131,138,152,105,112,95,134,121,207,128,119,123,210,135,119,119,121,119,104,84,131,84,84,84,84,129,113,116,90,84,128,84,116,86,104,121,112,84,84,113,142,113,100,84,112,132,86,101,137,125,144,84,123,103,118,84,135,94,104,101,121,92,84,84,84,107,115,89,104,100,84,112,100,84,129,105,119,112,84,112,98,107,119,127,116,104,84,94,84,84,138,154,129,165,112,113,84,84,134,98,163,113
41,100,128,154,84,112,84,84,127,119,98,84,145,112,109,161,112,153,84,113,150,107,101,104,128,150,84,165,119,107,149,145,94,165,96,105,178,210,84,105,121,101,208,162,84,131,84,84,129,162,122,84,94,121,86,214,84,109,129,218,135,89,84,116,131,84,95,121,144,132,112,115,84,105,134,84,84,84,129,132,84,84,84,128,132,98,141,115,115,84,84,84,103,84,84,127,122,147,84,84,110,113,84,139,116,105,125,103,95,84,84,121,89,84,101,112,84,84,84,103,115,84,96,104,110,122,100,127,94,121,101,112,101,84,84,107,139,110,165,142,210,84,125,89,115,86,90,161,84
42,101,84,131,115,95,128,84,84,96,113,125,144,104,134,192,89,147,98,98,142,84,110,110,105,139,103,145,121,110,94,187,116,138,113,125,182,193,92,113,94,118,216,135,121,116,112,129,139,103,95,122,116,116,84,220,129,96,123,220,105,92,103,96,84,84,105,103,132,107,127,121,123,132,84,95,115,131,134,84,119,84,121,127,90,84,128,153,101,84,98,115,110,98,98,87,84,103,110,84,109,84,98,100,115,101,84,110,98,84,84,123,109,104,94,96,94,84,135,94,122,92,84,139,90,122,86,98,84,94,131,129,86,147,89,84,89,115,161,131,191,84,86,103,105,104,107,116,90
43,128,101,166,109,96,105,89,84,84,122,112,145,115,100,202,84,138,84,112,150,84,84,84,84,141,84,156,84,142,100,189,84,186,105,170,122,212,131,152,84,137,209,167,84,153,84,131,145,156,84,131,116,84,84,218,132,138,119,220,135,94,107,84,105,95,127,84,112,96,137,86,115,84,103,94,107,125,118,86,107,84,89,100,86,115,84,147,89,84,109,84,87,84,123,84,84,90,87,98,107,101,84,118,139,98,84,118,84,84,109,103,84,84,86,84,86,90,95,113,107,84,112,127,84,137,110,84,84,84,138,109,103,135,87,107,109,138,131,84,202,115,96,84,103,92,105,137,109
44,84,127,129,92,100,113,141,84,134,121,132,161,84,100,170,84,119,92,118,149,110,89,84,101,134,129,142,103,127,122,174,118,127,121,170,189,202,98,132,107,107,207,153,89,156,84,107,84,158,84,94,100,107,134,208,104,119,96,218,103,101,84,84,89,84,84,112,84,84,84,90,109,84,103,92,84,96,101,84,116,109,84,107,94,89,128,119,119,101,92,127,112,121,92,142,105,84,84,116,112,95,103,104,113,92,84,110,84,84,94,132,94,101,84,131,129,84,104,84,84,107,84,104,84,127,125,112,110,84,95,100,84,84,84,84,87,87,161,112,194,135,113,107,107,84,107,147,84
45,98,152,193,125,84,84,89,104,122,123,115,142,84,103,168,84,84,122,100,152,113,84,84,84,96,92,128,131,141,142,208,103,196,89,152,166,190,101,144,84,145,188,137,84,132,84,119,141,150,127,112,84,95,84,199,84,116,94,218,112,96,109,100,100,84,84,125,84,127,84,84,128,84,112,84,84,132,132,84,119,110,112,132,89,121,100,105,84,112,86,90,144,109,110,104,84,84,84,121,113,84,84,119,96,113,104,119,86,96,118,84,119,84,89,94,84,84,121,95,113,138,84,113,84,84,84,84,87,116,98,107,110,113,84,96,123,84,176,84,182,168,118,84,110,94,86,122,84
46,105,104,176,84,112,94,112,104,142,98,118,147,132,127,186,107,123,107,132,172,101,87,84,127,94,84,170,110,122,87,165,101,199,94,123,174,190,94,107,131,156,206,186,112,152,135,84,128,156,84,135,147,119,84,211,110,92,122,214,122,98,141,103,121,135,131,123,119,104,84,110,149,84,132,84,110,132,84,138,131,100,116,113,125,118,123,115,115,118,134,100,127,84,84,105,84,84,113,123,118,107,123,90,107,84,84,90,100,94,84,84,125,84,96,127,98,84,110,92,125,121,84,96,115,100,96,96,84,121,112,92,129,128,84,94,107,100,196,98,197,118,122,115,109,84,84,110,84
47,96,153,171,84,127,115,139,84,98,84,123,150,92,84,180,122,104,84,98,142,92,84,113,90,118,89,174,118,135,122,179,84,192,100,96,139,203,101,118,110,129,191,128,116,138,125,84,157,84,84,104,100,128,122,196,90,84,84,176,84,128,100,119,100,84,84,84,104,84,100,84,84,128,109,87,118,110,144,84,107,94,92,101,84,119,129,141,135,87,89,84,112,84,92,109,142,115,84,92,84,84,84,115,84,84,95,84,84,84,121,103,101,107,121,100,105,128,84,101,101,122,84,105,112,119,105,109,84,104,104,123,109,134,95,101,103,101,193,104,192,121,118,107,84,84,86,144,95
48,84,113,165,121,96,103,142,94,137,154,84,116,101,115,185,100,92,84,104,103,125,90,118,127,125,122,157,131,137,87,189,119,176,84,153,176,215,118,194,84,116,208,153,121,101,115,113,152,147,90,142,128,118,87,214,131,107,128,218,84,105,84,131,103,98,84,84,84,132,109,98,122,121,84,142,90,98,123,84,138,116,86,113,84,137,103,128,147,86,129,84,135,94,109,101,89,145,134,128,137,115,131,92,104,110,84,107,84,103,84,121,92,84,89,84,84,116,84,90,101,84,109,84,84,94,84,84,84,89,135,147,131,121,109,84,125,94,166,142,200,101,149,104,116,84,105,128,104
49,118,134,157,86,98,105,92,95,144,134,110,109,125,84,166,131,132,116,101,142,113,89,123,110,100,84,153,101,104,84,191,142,203,84,153,122,208,113,167,87,115,192,178,118,137,141,103,147,137,118,107,144,84,145,180,84,131,109,219,123,84,122,103,94,94,84,87,84,84,125,96,119,100,84,109,96,84,103,84,104,118,110,84,113,100,123,139,128,103,118,84,84,147,86,118,112,144,110,104,118,137,95,100,123,103,84,113,96,101,96,84,112,113,107,116,84,105,84,115,100,121,84,90,109,84,84,84,116,113,109,123,110,96,92,84,95,115,197,149,210,145,90,87,139,84,87,84,84
50,92,139,202,113,98,145,112,138,84,127,103,138,104,104,174,112,142,101,110,113,127,84,89,107,92,84,158,128,176,87,178,84,161,84,178,187,217,116,170,100,95,216,160,129,154,100,122,116,135,109,134,84,112,145,187,84,128,87,220,110,84,128,116,84,107,84,84,134,94,98,84,92,84,92,104,115,109,139,129,121,84,103,101,101,109,132,115,84,123,89,87,103,119,84,95,84,103,128,119,96,89,103,119,84,84,94,84,104,84,84,103,104,84,84,84,123,89,84,89,84,141,84,84,92,141,118,94,105,84,137,139,84,135,84,84,84,125,193,98,189,109,123,84,84,96,119,109,98
51,119,147,190,119,96,132,98,118,116,116,84,84,84,118,160,84,153,107,100,160,128,103,84,100,100,94,165,118,163,84,189,101,188,84,139,84,196,96,183,84,115,215,129,128,167,131,135,92,141,134,84,84,115,134,206,84,84,107,217,92,84,119,129,119,123,90,96,121,101,116,84,107,84,135,98,118,135,141,121,89,84,84,98,86,112,116,137,98,116,84,84,109,116,100,100,84,98,116,131,113,134,90,103,84,107,103,84,90,84,84,84,109,95,100,98,84,84,128,92,87,142,84,96,84,135,118,112,84,86,105,109,84,104,104,89,94,121,181,141,188,121,121,104,95,84,89,113,84
52,110,98,167,96,84,84,123,84,115,109,84,147,112,105,125,119,135,128,100,161,118,87,103,107,104,84,191,84,156,150,166,84,192,125,144,139,217,94,147,96,138,205,194,141,132,156,131,147,171,156,109,145,90,86,181,84,132,134,220,152,123,125,89,129,105,84,84,84,84,142,98,132,109,84,115,127,150,84,89,134,122,103,94,84,121,141,147,84,132,134,141,149,134,149,144,94,154,84,89,119,119,118,115,98,92,109,122,98,84,84,84,90,98,92,121,84,92,110,84,138,100,105,110,84,103,121,84,84,110,125,123,84,84,131,138,84,107,215,89,190,123,144,123,122,122,103,139,84
53,105,171,183,84,129,137,98,135,113,113,101,153,127,84,199,100,137,119,112,145,84,84,104,135,84,116,160,129,176,135,208,84,218,135,134,162,220,138,176,113,158,219,215,162,176,86,123,92,150,98,141,113,105,123,212,113,84,110,203,128,127,84,144,121,135,112,122,95,86,141,115,109,98,116,122,84,162,127,84,122,118,84,119,101,84,138,116,84,90,84,103,119,118,84,139,121,132,84,86,115,84,84,118,98,95,112,109,96,84,84,129,84,109,84,107,84,101,84,113,100,84,84,109,116,100,119,110,144,101,107,118,104,112,116,103,129,84,197,121,157,84,153,84,121,84,118,149,116
54,116,84,182,128,103,119,131,92,147,142,98,137,116,90,206,84,132,137,84,132,92,129,86,112,84,87,160,101,137,125,212,127,214,149,156,188,217,94,200,119,141,219,203,84,87,139,112,109,160,107,127,84,84,92,176,84,101,132,217,132,122,123,132,131,121,84,135,110,123,98,89,110,89,98,113,92,134,96,90,128,100,110,134,84,96,125,84,100,95,123,109,162,109,116,141,84,98,153,86,84,84,84,105,84,84,103,141,129,92,123,94,84,107,84,142,122,109,129,84,122,118,121,95,110,113,94,113,86,96,153,105,84,84,84,128,119,84,214,96,158,134,139,123,84,127,122,128,84
55,103,92,110,87,84,84,109,96,84,127,92,150,137,122,122,84,147,104,84,160,84,84,84,115,118,122,141,86,171,160,191,128,217,139,147,170,216,87,145,105,147,220,172,127,145,84,115,109,153,84,89,149,84,139,216,127,113,129,220,101,144,92,103,132,98,84,112,118,123,109,113,84,115,84,142,84,134,84,84,138,84,101,84,110,92,149,86,84,98,84,116,142,84,100,112,84,107,110,109,98,118,116,104,107,84,125,84,84,84,132,90,115,84,84,128,112,95,125,104,119,104,105,84,121,132,138,115,86,84,90,139,113,84,119,128,135,84,199,107,196,145,122,122,125,105,84,152,107
56,84,162,176,116,101,90,129,84,116,100,132,107,123,98,213,113,150,94,89,176,84,89,107,95,84,96,156,96,162,135,196,119,211,122,171,181,218,84,147,105,145,220,154,137,112,141,153,131,107,131,127,95,100,112,213,84,110,84,216,121,94,127,98,139,107,95,96,84,118,107,84,104,84,84,84,94,137,84,84,90,129,105,84,84,84,95,150,134,84,94,115,109,98,84,90,109,112,112,94,127,127,129,119,84,107,152,95,84,86,123,84,92,101,109,121,92,109,103,94,109,84,84,84,131,98,107,84,84,84,121,100,84,90,112,87,103,84,216,87,167,135,135,103,103,105,113,115,84
57,90,122,135,116,105,112,121,84,123,89,87,144,142,90,192,92,86,109,109,119,100,101,84,98,103,98,152,84,132,109,199,142,206,145,167,195,216,166,171,147,116,221,178,84,168,135,145,119,121,121,123,104,156,127,210,127,134,137,203,121,132,134,105,122,123,84,84,122,87,84,138,84,89,105,121,131,163,104,84,134,105,107,139,84,119,119,121,84,110,84,84,84,112,116,123,127,113,109,132,84,110,96,84,84,122,132,87,84,98,87,95,96,107,112,142,127,113,149,84,98,96,95,90,139,100,103,107,84,84,127,110,107,94,112,95,135,137,167,109,200,107,118,84,115,112,109,103,112
58,137,134,152,101,110,112,86,84,134,122,84,157,113,98,174,84,122,84,128,138,87,115,98,101,131,84,185,104,167,115,215,129,211,84,180,180,178,100,190,84,158,219,170,118,187,137,127,116,163,128,84,129,96,109,218,123,94,123,211,123,123,128,104,112,105,84,122,89,128,100,95,84,116,119,86,113,147,84,84,92,84,121,84,134,84,113,86,131,110,113,116,100,110,100,109,94,110,119,116,119,128,109,118,84,132,147,122,87,105,128,112,84,84,134,113,119,90,115,109,87,112,109,116,138,123,119,131,94,84,104,84,119,84,94,131,94,134,209,152,196,139,90,105,84,84,105,112,103
59,84,138,147,95,118,84,125,95,84,87,84,110,150,109,189,84,119,84,123,171,84,84,109,84,139,90,139,132,156,84,185,105,186,137,149,171,212,109,162,122,129,218,193,132,193,84,145,116,118,129,129,84,84,105,215,84,135,104,215,142,144,84,101,107,109,122,98,125,119,96,128,92,84,123,92,98,137,94,127,107,110,101,84,94,101,100,132,116,115,138,84,134,84,107,129,119,131,141,137,129,141,112,116,84,84,134,105,84,109,84,84,95,118,105,150,119,121,84,104,84,139,103,84,115,84,98,92,98,84,152,119,84,125,131,138,125,153,210,113,208,135,119,84,84,95,101,110,84
60,94,84,167,84,84,100,122,129,109,84,135,144,147,112,191,87,90,87,116,174,84,104,84,84,129,84,84,132,98,118,181,89,215,135,156,182,210,129,191,138,150,220,185,144,194,110,147,104,144,138,125,94,84,132,212,135,125,132,216,141,128,123,128,107,84,129,84,135,90,131,84,84,98,113,95,96,152,103,122,135,127,129,84,84,84,84,157,84,109,138,84,84,100,122,84,84,116,84,137,137,84,89,92,96,84,128,84,84,84,84,84,96,89,84,135,87,121,84,84,121,110,104,115,104,95,84,92,84,94,157,95,132,123,129,129,101,160,214,101,199,101,104,87,84,84,127,129,84
61,119,113,118,84,123,107,137,134,150,113,105,147,121,127,188,110,129,112,109,167,101,112,84,121,134,84,123,84,103,131,200,119,189,112,142,158,190,118,197,103,147,217,202,145,137,127,132,128,131,149,84,84,119,144,202,138,110,107,220,90,129,128,92,84,84,84,90,89,112,110,84,135,110,84,127,84,165,84,137,119,92,122,84,110,94,104,144,138,84,84,86,131,84,147,109,96,129,84,137,118,84,84,100,84,129,94,142,110,103,101,96,84,89,84,121,84,95,119,92,107,122,134,101,84,123,119,116,122,112,115,135,84,89,110,84,147,84,209,118,208,135,109,115,94,125,122,84,121
62,113,123,157,109,87,113,112,127,138,132,107,161,84,84,194,92,113,122,87,172,116,101,105,100,84,84,145,84,137,138,119,84,205,84,171,153,202,113,121,104,171,215,204,156,135,84,135,139,186,123,84,115,89,89,208,132,104,84,219,123,109,115,84,104,112,128,123,135,119,84,125,84,123,123,118,116,163,100,84,105,119,95,84,84,131,115,147,135,115,115,92,119,107,135,134,110,128,141,122,110,116,84,84,94,105,103,86,113,84,122,84,125,116,84,90,84,104,94,100,105,84,96,84,98,139,84,84,84,84,123,84,137,84,125,84,125,127,142,123,206,137,119,127,90,128,125,125,84
63,125,123,84,84,109,105,115,118,157,110,84,147,90,107,208,103,95,95,103,154,115,110,84,107,115,104,139,96,147,141,188,84,202,84,137,147,220,135,176,118,152,205,205,144,137,119,139,139,134,84,84,84,86,84,206,109,119,109,212,127,145,119,105,139,137,90,129,125,129,94,137,144,84,109,96,95,131,110,141,98,84,84,129,134,116,137,147,134,109,160,98,84,84,131,134,92,125,129,92,137,142,134,141,115,116,150,134,100,90,94,84,84,84,84,89,94,113,89,84,84,98,109,109,87,84,113,128,118,84,115,119,84,141,84,84,100,132,171,128,183,160,112,113,123,100,84,167,84
64,84,116,110,128,125,84,92,107,127,110,132,122,144,127,201,116,103,107,86,139,95,100,110,87,125,84,119,141,174,147,199,115,213,109,156,185,202,127,161,84,139,215,190,165,152,118,125,98,154,84,92,92,142,84,134,86,118,84,216,98,87,113,98,116,100,103,96,135,127,112,127,107,121,89,84,94,154,110,135,105,84,101,121,104,96,141,141,84,90,118,115,141,84,129,100,113,131,129,137,84,98,104,100,110,109,84,84,84,98,101,98,101,112,84,103,84,84,121,94,84,90,92,101,84,84,100,125,101,98,142,137,90,87,84,96,156,162,187,123,196,132,96,100,84,116,84,157,104
65,84,92,96,84,101,121,113,107,87,107,89,141,145,94,202,110,115,96,84,161,118,87,84,96,103,95,86,84,166,122,187,86,219,118,137,182,216,87,160,84,101,218,176,171,84,122,84,119,170,115,105,103,132,132,220,123,115,123,213,113,84,123,104,107,128,84,112,123,87,84,107,113,131,89,103,84,165,112,107,84,122,107,137,84,118,131,128,84,92,122,116,131,84,104,105,121,139,135,84,107,119,116,84,128,84,105,150,105,84,89,113,84,100,131,84,84,113,105,134,84,84,105,84,134,128,101,141,84,84,144,119,104,109,84,86,127,152,211,95,194,132,144,153,125,103,119,132,100
66,87,104,119,84,105,84,137,107,168,129,84,84,142,129,199,107,113,84,115,138,84,100,96,84,103,92,152,128,188,141,153,90,217,141,160,199,183,84,192,141,147,215,187,125,206,84,135,141,174,84,94,122,157,84,218,112,122,128,220,137,118,128,115,131,127,84,152,84,125,104,104,152,139,144,84,95,134,84,107,104,105,116,109,110,107,152,138,147,109,123,103,110,100,84,84,113,161,167,132,115,110,84,84,84,84,125,125,84,84,92,101,84,84,103,115,110,115,104,94,107,123,95,84,84,101,100,152,142,84,132,128,103,84,103,107,118,142,214,141,158,116,137,137,94,84,84,150,84
67,89,87,141,92,129,84,109,127,127,138,84,168,115,103,193,128,84,110,96,90,89,121,84,84,84,84,139,84,163,138,206,112,212,110,170,181,188,149,160,138,141,216,208,135,208,84,118,129,127,105,107,144,112,123,199,131,105,128,220,112,95,105,84,90,84,84,84,125,95,123,95,84,87,92,118,121,168,113,127,123,119,104,125,119,92,129,132,89,84,129,84,100,100,119,100,129,134,161,119,84,84,98,123,110,84,122,153,103,84,105,94,84,84,128,84,84,94,84,122,92,135,154,84,86,84,137,84,119,84,134,94,104,94,118,118,142,161,212,123,209,95,149,139,101,112,103,123,98
68,122,103,156,84,101,110,100,84,150,127,113,150,84,129,171,132,127,92,84,163,105,86,94,110,123,119,122,104,141,121,207,125,200,109,157,195,212,107,212,125,94,206,196,181,208,104,132,116,149,127,109,142,125,135,200,84,109,101,211,84,122,92,105,89,115,127,84,137,84,138,94,131,119,123,128,84,145,103,98,113,110,137,95,125,131,110,98,84,107,105,104,84,122,103,110,96,112,147,135,138,112,101,105,110,104,119,137,98,84,113,123,101,101,87,131,84,119,113,105,105,138,138,105,100,132,115,98,122,98,158,84,100,125,84,134,84,132,218,138,212,110,107,109,86,98,84,127,100
69,113,84,119,84,98,119,115,121,110,101,109,144,115,125,170,115,84,98,84,100,84,84,127,84,134,84,174,116,160,128,171,135,179,115,127,171,218,115,127,127,119,202,212,170,215,125,123,118,127,109,118,145,84,154,201,104,84,118,214,89,137,98,131,122,89,141,101,142,105,137,84,144,141,84,116,84,147,90,125,94,84,112,131,138,103,131,129,86,84,84,84,132,138,113,100,121,131,128,150,144,129,125,107,84,112,84,147,84,84,84,121,100,100,84,116,100,110,103,128,90,147,84,100,119,86,118,125,84,100,161,84,132,118,110,153,104,110,218,144,202,127,138,129,95,100,116,123,107
70,84,84,116,110,135,110,116,131,116,113,98,84,125,101,196,101,123,107,109,176,95,127,84,84,118,84,121,84,158,119,162,90,216,115,189,171,210,154,207,121,96,220,218,113,217,109,96,86,113,109,84,135,144,105,185,137,84,121,211,96,131,132,84,144,84,98,84,128,84,110,87,123,147,115,95,110,141,115,109,105,122,121,115,100,137,150,127,104,94,110,96,149,84,113,101,84,84,129,95,109,86,95,84,84,98,119,142,84,101,84,84,103,116,94,122,121,84,96,127,122,107,90,92,84,84,134,109,131,128,137,141,107,142,90,115,141,129,200,147,206,94,110,100,92,115,142,119,113
71,121,103,84,118,128,84,103,84,110,147,103,170,137,104,204,142,123,84,109,135,98,84,118,84,92,109,116,109,153,138,185,115,217,84,165,158,193,86,214,107,119,215,202,98,174,113,134,104,122,110,109,89,145,94,162,109,98,100,168,84,110,104,138,98,84,129,84,84,103,84,107,109,92,112,101,84,153,157,142,109,89,119,123,134,105,118,150,84,105,110,84,113,123,96,105,84,147,131,89,112,139,84,116,116,96,101,84,92,84,101,90,89,107,109,96,84,84,135,129,125,84,84,87,118,123,84,125,147,95,149,101,84,128,110,128,95,94,195,110,186,122,125,129,109,115,129,156,101
72,121,123,142,105,116,137,125,84,147,107,109,153,147,141,172,134,128,135,103,142,122,139,90,110,121,127,109,109,168,137,187,145,209,116,125,158,210,84,174,113,84,220,193,172,219,132,128,92,145,110,115,138,142,98,201,84,107,135,212,145,119,115,105,125,112,115,105,84,129,132,119,135,138,86,135,125,138,84,104,131,84,116,127,92,84,110,149,109,104,139,134,116,84,118,98,107,125,129,123,168,131,84,84,105,92,84,123,84,103,94,109,84,84,86,165,96,84,101,94,134,119,87,109,84,132,104,135,84,113,110,87,84,84,121,135,84,127,199,166,209,110,110,90,84,125,135,147,84
73,84,115,134,109,86,90,105,98,160,84,100,147,125,84,213,103,84,142,147,137,134,123,84,134,129,84,174,137,170,144,181,119,180,139,149,182,208,118,208,118,157,210,208,87,212,154,115,132,149,94,92,90,92,135,213,113,128,115,207,84,144,125,128,84,84,90,123,90,157,128,142,150,129,121,103,96,127,103,115,134,84,84,122,128,92,118,144,118,113,153,86,104,84,100,118,84,116,110,137,122,84,122,105,122,123,87,101,84,100,118,96,115,84,147,160,89,84,152,119,137,119,84,107,129,149,100,179,134,107,160,87,119,109,84,84,121,158,203,160,208,135,150,113,103,172,103,149,116
74,104,110,123,128,84,105,135,145,94,166,86,161,129,84,212,109,105,84,105,182,96,94,109,84,86,84,119,84,163,98,176,84,210,121,145,145,206,92,205,92,134,204,212,84,183,127,100,105,135,84,147,84,127,134,214,84,94,101,200,132,134,84,125,110,116,96,141,166,103,128,84,94,96,98,92,84,137,157,109,112,145,127,129,115,165,142,147,145,95,84,98,87,92,84,115,96,95,137,110,87,128,135,128,84,84,128,127,84,115,129,162,109,84,103,112,125,131,84,137,125,145,84,122,84,116,153,121,154,84,147,132,96,122,96,104,166,152,180,84,218,147,147,125,121,132,113,153,84
75,87,118,125,101,96,84,115,118,105,135,89,105,115,86,180,87,122,105,142,139,119,98,101,84,101,101,163,138,135,153,195,84,218,132,172,191,202,139,218,113,123,220,137,145,178,127,128,84,156,84,84,95,112,118,205,84,121,104,201,119,167,84,132,123,112,84,115,160,122,141,107,100,84,138,95,137,142,167,135,145,119,123,131,134,89,84,168,84,109,131,128,110,95,137,84,122,139,100,105,84,95,125,92,112,138,122,147,116,84,137,132,107,127,128,135,131,84,119,116,137,100,84,84,109,123,121,84,84,118,121,141,125,142,121,129,154,84,202,157,215,163,134,84,96,84,137,141,84
76,89,115,92,103,129,104,95,86,104,103,113,86,98,86,216,84,112,105,129,170,84,107,110,100,131,123,150,139,137,153,208,123,206,112,172,199,194,84,161,84,144,206,179,123,209,123,95,113,105,116,101,84,84,135,207,128,110,96,220,84,137,121,94,110,121,100,105,84,121,104,84,135,142,84,115,87,131,158,94,138,119,129,84,121,116,84,178,123,123,101,112,115,129,84,125,84,128,137,122,84,113,84,103,116,92,84,107,84,84,84,84,84,84,84,118,84,84,84,174,84,84,125,84,127,84,119,135,115,122,141,129,84,84,107,86,123,105,180,152,218,135,113,100,121,84,142,167,84
77,84,119,100,84,129,84,84,84,84,105,134,123,125,105,215,84,118,141,84,172,84,112,109,89,144,137,103,154,145,103,203,122,206,123,122,176,206,129,181,86,142,217,190,131,202,94,132,107,118,84,112,84,128,147,217,139,127,95,220,95,87,84,84,103,107,119,90,95,125,135,84,122,128,84,103,92,127,158,84,128,115,95,112,84,121,113,167,134,84,98,128,113,84,84,104,84,95,141,84,138,129,105,84,135,123,98,135,116,98,84,84,89,84,119,121,92,84,100,158,84,105,104,84,84,116,84,129,113,127,92,92,84,121,112,84,129,149,210,87,215,115,95,84,100,101,141,162,113
78,110,84,135,100,137,129,84,100,127,112,84,138,128,84,183,135,84,139,84,149,104,84,90,107,84,118,127,135,156,123,195,135,218,104,182,144,210,153,208,145,123,214,205,84,183,137,160,107,145,129,119,94,121,149,207,103,132,94,219,110,110,113,137,144,84,104,129,127,101,129,118,145,131,134,84,113,110,134,116,119,127,138,116,96,84,84,181,94,110,95,153,128,112,100,113,138,110,87,107,127,131,84,84,105,107,95,107,84,92,84,112,87,100,112,113,121,84,110,122,141,123,134,101,84,84,103,128,115,92,86,167,84,116,84,100,137,157,218,129,214,147,150,104,118,84,112,165,101
79,98,84,90,89,131,84,110,118,96,96,127,113,84,127,204,115,87,134,84,153,98,112,84,113,89,84,135,118,128,84,171,104,197,100,178,185,208,134,219,153,122,220,207,101,181,121,119,129,84,109,123,87,144,87,196,128,100,144,201,122,137,110,144,107,104,129,119,137,147,113,84,125,84,84,84,98,137,110,115,90,84,119,107,134,84,134,162,127,109,84,116,107,129,94,84,92,141,105,135,105,110,96,94,121,112,84,84,107,105,100,113,127,105,84,112,84,103,84,84,84,153,119,90,84,115,125,129,87,109,132,138,118,84,94,100,84,116,205,100,210,157,147,147,134,84,119,129,84
80,84,94,147,84,89,137,103,101,142,110,131,122,161,123,199,84,131,141,86,137,90,84,84,84,84,116,115,84,165,118,176,150,208,162,174,187,199,112,183,131,142,218,202,156,176,119,139,129,150,109,147,134,150,152,186,121,89,113,191,100,152,105,95,125,139,122,135,110,132,138,110,149,135,87,84,94,84,128,84,103,121,84,137,84,135,84,167,96,104,115,94,128,137,123,98,119,154,118,103,125,104,84,113,107,128,84,101,95,105,89,84,84,103,84,104,84,103,100,96,84,112,105,84,127,115,127,84,139,118,135,127,84,96,121,132,154,112,134,134,214,84,147,127,84,84,127,168,105
81,107,135,110,125,84,137,132,94,135,139,132,137,96,98,182,94,142,122,110,186,84,101,129,84,84,128,147,84,171,127,183,145,213,157,128,137,207,152,205,147,127,218,214,165,210,112,95,149,154,145,149,104,137,84,141,101,104,115,214,122,139,123,156,150,94,129,161,144,84,128,109,125,131,122,141,147,115,118,101,132,87,94,141,138,141,84,135,86,119,125,84,127,118,84,123,116,84,109,132,84,84,110,135,84,129,122,119,105,84,100,110,94,84,125,98,84,84,139,147,103,119,110,112,84,119,86,90,96,84,142,139,134,107,100,138,84,156,216,127,202,125,125,84,129,98,131,104,84
82,122,113,122,84,110,84,115,84,112,132,112,135,127,94,142,129,122,128,84,170,103,100,119,84,150,98,115,112,153,131,208,127,216,92,156,183,220,145,183,84,125,210,220,158,204,84,87,116,156,135,84,121,144,113,150,154,96,107,218,110,156,138,95,84,101,127,137,137,112,121,121,141,122,132,84,115,84,84,84,84,95,84,92,98,135,152,174,123,110,142,109,122,104,123,142,113,84,132,95,98,84,84,112,84,131,94,113,84,96,132,116,104,87,84,84,87,113,149,109,122,92,101,110,131,84,84,131,116,113,84,131,109,84,116,96,141,150,218,112,204,135,125,119,134,131,104,153,100
83,116,122,134,138,107,145,119,86,149,134,84,144,107,84,158,119,139,90,87,187,123,100,104,115,104,90,142,110,152,84,208,110,179,84,172,197,129,138,210,110,145,212,178,171,178,121,128,127,147,121,141,123,145,103,172,157,100,147,206,94,122,115,139,110,84,105,121,125,101,139,121,118,123,154,142,125,156,109,121,113,115,147,94,84,104,134,118,90,128,109,123,96,152,109,84,84,135,129,90,134,127,116,112,116,84,94,128,84,86,84,87,84,127,104,84,84,90,149,144,105,84,132,110,109,113,128,116,121,121,128,138,100,123,119,105,84,163,220,149,194,84,95,121,84,141,137,84,105
84,115,116,84,84,122,84,89,134,139,121,86,142,84,84,213,84,123,128,98,172,101,109,101,116,150,84,122,105,163,135,199,127,84,128,183,182,217,84,205,161,145,214,212,168,192,115,107,84,158,127,150,129,129,138,212,158,116,123,214,131,109,118,84,135,107,154,139,104,145,142,92,113,123,158,95,84,122,142,132,119,129,119,142,129,134,144,152,132,138,131,116,141,134,84,113,123,156,127,131,84,89,89,112,90,149,116,84,84,145,121,119,112,96,116,84,84,84,160,84,84,92,98,100,116,152,115,132,132,92,141,129,104,116,84,104,113,150,125,141,187,128,135,119,84,134,95,131,87
85,135,109,125,119,129,116,123,96,131,129,110,138,112,112,150,94,112,104,92,170,105,105,134,139,152,84,84,84,84,96,199,95,202,139,196,161,219,137,210,100,147,220,186,176,167,107,128,116,150,122,135,84,152,116,212,138,96,141,202,84,115,115,129,100,104,115,129,121,152,113,138,103,84,123,96,127,153,115,84,135,84,84,118,131,116,110,178,128,122,122,122,125,132,84,95,121,100,84,101,112,116,116,87,84,103,100,139,98,110,94,109,128,107,84,128,84,100,109,144,84,84,110,98,128,134,129,84,125,84,163,110,84,161,125,104,84,129,203,98,186,141,84,109,119,162,89,84,84
86,129,113,101,122,116,84,110,135,153,107,92,156,131,92,172,84,87,101,84,119,121,94,144,118,138,84,101,131,167,84,186,100,207,122,174,165,214,139,208,115,162,197,134,171,166,95,110,121,154,131,103,84,122,103,203,105,110,109,192,96,119,125,144,84,112,125,110,132,154,84,135,100,132,101,118,138,84,84,98,84,104,84,132,137,144,84,174,98,118,104,135,123,115,84,96,113,138,84,84,134,84,115,84,101,84,84,129,84,115,129,101,95,109,90,149,123,84,121,158,92,119,84,84,115,84,113,127,84,104,127,131,112,158,115,84,152,86,206,127,194,157,131,115,127,150,86,92,84
87,107,110,101,104,113,84,101,116,84,104,109,172,119,135,188,125,95,138,113,145,84,84,105,119,112,134,123,141,127,96,199,107,212,137,180,163,212,129,202,122,166,213,193,128,191,84,125,132,107,112,147,123,129,128,186,144,125,147,208,157,109,113,92,144,84,123,112,132,138,100,109,96,113,122,84,122,138,144,119,118,84,129,150,129,84,109,196,137,129,147,84,150,125,100,128,115,123,110,118,139,100,110,101,118,112,92,84,115,119,123,95,121,128,104,92,87,105,147,129,92,84,84,123,84,129,119,84,84,107,138,84,104,166,100,144,94,149,202,147,218,127,84,84,116,147,144,98,84
88,84,154,90,121,84,138,141,147,150,116,110,157,147,84,196,87,84,139,132,172,84,113,137,96,131,84,123,84,167,104,179,84,205,152,162,194,211,103,219,131,156,211,166,128,208,129,147,135,107,129,141,115,125,138,196,128,123,129,202,134,121,129,109,118,125,150,116,125,129,105,127,142,137,84,84,94,113,141,107,84,128,119,141,95,134,119,211,104,89,100,84,84,84,84,150,107,138,84,90,129,84,118,98,145,137,84,84,84,127,84,95,107,128,84,150,94,90,153,170,96,84,84,98,119,116,101,127,142,123,157,138,125,154,84,86,84,158,215,152,218,147,87,138,105,157,84,112,128
89,118,98,152,84,94,105,109,109,115,115,118,137,95,92,196,107,84,121,134,142,110,101,100,84,86,119,84,112,160,142,188,147,204,109,187,186,215,127,190,132,100,197,118,84,206,142,96,122,176,84,154,118,150,121,200,128,84,84,199,100,94,119,121,139,84,95,134,109,154,123,84,152,84,116,119,127,84,138,84,98,125,90,109,84,107,84,196,128,122,132,113,105,109,113,150,104,84,132,131,109,123,131,94,84,115,125,113,89,84,109,86,89,131,86,131,84,118,110,156,128,127,137,128,84,154,84,125,118,109,116,119,110,121,84,134,112,139,217,161,221,131,134,110,90,142,119,134,128
90,84,101,118,119,84,144,84,112,107,158,119,104,84,118,201,132,104,107,127,178,112,86,139,105,84,84,129,122,163,109,181,105,213,158,176,183,170,157,212,84,84,206,176,141,180,145,137,139,180,150,141,131,132,135,209,129,137,110,192,122,138,109,119,127,84,156,119,104,105,129,105,96,132,157,131,134,132,134,137,105,109,86,100,96,84,84,199,84,131,84,118,123,139,154,156,125,128,84,127,134,144,92,131,84,84,125,103,84,84,132,113,84,118,115,84,123,84,103,112,119,138,115,110,100,167,121,112,138,121,165,87,121,104,122,138,128,132,178,84,220,115,142,137,137,89,118,176,131
91,84,118,123,107,94,134,100,103,131,137,84,116,94,112,189,115,138,90,118,190,84,96,142,142,98,118,138,123,141,116,185,135,206,84,144,192,185,84,189,160,101,215,186,134,167,125,84,110,138,89,135,113,87,138,207,116,145,107,208,144,132,109,153,118,135,157,162,158,153,139,94,125,101,147,122,125,138,115,129,84,147,115,144,127,131,135,163,141,152,123,144,134,100,84,103,132,145,100,101,105,125,98,119,118,107,84,109,84,84,129,107,118,118,128,119,107,118,132,172,96,129,135,94,122,162,84,147,84,84,105,104,119,127,112,138,98,128,202,167,214,128,132,89,118,103,86,147,125
92,109,103,84,121,119,134,101,94,122,122,84,96,92,90,207,110,152,109,125,137,92,138,109,100,94,94,127,119,154,153,180,121,220,141,162,165,183,132,208,107,157,196,218,147,176,141,158,90,165,129,118,105,171,137,200,113,157,132,215,131,116,101,154,166,98,110,109,107,166,174,150,134,134,147,144,132,152,152,152,160,141,160,160,139,149,154,161,128,147,135,118,174,122,139,157,109,119,128,105,84,139,150,116,105,84,116,105,84,122,101,141,84,96,84,107,119,119,109,137,105,134,144,104,128,142,113,84,119,119,112,112,149,115,98,84,115,158,183,144,220,162,107,112,84,84,152,84,84
93,96,87,138,112,113,142,101,122,112,139,109,132,118,90,145,129,125,109,128,181,84,131,103,113,145,121,84,129,135,168,163,122,183,149,87,161,131,92,206,101,118,220,218,109,195,113,183,153,190,125,150,147,84,119,147,147,144,127,211,101,147,110,132,112,121,96,100,121,84,90,84,135,103,128,84,90,127,152,84,150,116,144,123,119,107,84,180,92,123,134,115,154,141,98,129,123,119,112,137,139,122,95,123,112,84,87,84,105,107,92,84,110,84,84,128,105,127,125,157,95,137,158,121,161,84,131,95,141,84,84,109,144,141,109,107,103,147,214,147,220,128,84,139,127,131,122,165,94
94,84,84,89,107,98,157,122,128,121,127,107,145,137,84,95,127,152,84,131,185,84,84,84,128,128,123,129,119,128,172,200,132,210,132,152,191,172,137,213,113,115,220,214,84,206,84,179,84,176,122,135,122,135,84,158,127,119,147,218,138,129,147,115,135,84,84,89,121,118,94,127,153,123,107,84,132,154,154,84,152,125,129,131,127,104,92,172,89,113,135,142,105,84,84,132,115,141,90,156,110,115,137,125,105,86,121,118,98,84,110,94,104,84,84,135,92,123,153,153,113,129,134,115,137,121,105,110,128,112,84,127,95,121,118,128,87,138,215,131,218,150,149,84,128,132,135,157,84
95,89,84,84,84,138,90,123,104,134,144,113,165,141,105,199,84,121,84,139,134,135,103,96,158,122,84,138,84,105,149,205,84,172,100,104,183,206,123,207,150,147,220,191,84,152,123,166,90,190,113,160,84,113,109,154,121,119,132,201,131,125,132,131,135,121,128,92,84,152,160,100,119,119,84,84,119,154,96,131,92,84,116,107,105,125,138,172,96,123,134,137,139,84,144,144,123,129,127,132,107,84,129,109,127,84,100,84,84,96,84,84,84,84,113,168,84,105,131,134,118,118,122,129,165,138,141,118,116,84,139,116,193,116,110,84,103,154,167,142,219,129,98,156,157,153,84,113,138
96,84,122,121,105,121,132,115,90,87,116,84,176,138,100,200,95,95,122,115,127,98,131,142,150,122,137,121,135,125,109,205,110,191,142,154,171,202,107,206,144,158,215,98,147,196,84,157,107,170,129,131,109,157,163,165,116,84,84,186,131,89,127,135,141,127,118,138,150,125,134,84,104,141,141,135,125,154,129,118,118,139,145,132,110,84,122,128,135,86,104,122,84,134,144,139,84,86,147,147,138,84,95,96,112,115,121,101,119,84,84,110,86,105,95,183,103,84,139,160,84,131,109,113,142,154,138,94,134,84,116,113,200,128,122,138,147,149,216,142,210,122,150,96,188,138,123,154,107
97,110,134,132,84,127,135,101,98,103,84,84,161,166,84,210,112,105,128,121,182,109,84,118,147,132,98,121,92,149,110,189,90,207,115,147,188,206,109,215,118,129,211,195,84,123,129,138,105,179,119,92,112,145,153,179,118,127,138,188,149,121,139,157,121,132,128,105,137,122,154,144,132,90,131,104,139,160,156,89,116,107,84,128,122,147,107,109,96,131,84,135,92,118,101,167,105,141,110,98,141,103,96,141,94,121,89,119,84,98,84,90,90,84,84,160,113,123,112,84,84,122,149,125,157,104,121,116,178,162,107,119,182,118,98,107,123,158,206,135,171,147,122,113,149,134,135,138,84
98,84,84,134,127,122,98,123,127,144,84,119,165,183,100,206,131,118,138,105,162,84,84,128,178,103,123,116,127,172,154,203,132,199,131,174,135,188,87,201,110,152,217,191,153,210,109,127,131,109,147,107,125,100,150,192,137,87,84,199,147,135,147,122,150,142,142,122,115,109,100,95,152,138,141,144,131,153,103,141,123,101,121,104,84,147,90,84,153,131,141,149,95,149,84,156,90,119,125,147,131,116,132,153,96,84,107,127,101,89,84,84,84,123,84,145,128,84,109,166,105,141,144,129,101,109,112,127,149,176,84,118,193,84,134,95,121,137,216,150,160,137,84,137,123,181,87,139,109
99,84,84,110,123,84,131,145,141,125,139,115,134,131,84,204,84,142,84,118,160,127,84,128,158,119,118,109,109,123,145,191,142,210,100,132,139,154,121,220,95,139,219,168,119,187,87,150,152,105,84,101,113,128,142,190,135,84,101,211,107,107,84,129,92,90,84,147,115,84,145,116,84,90,84,127,131,123,145,84,112,131,138,100,84,84,100,123,116,118,84,89,138,135,129,134,112,112,145,131,84,137,132,119,137,121,137,105,115,84,84,112,96,110,123,112,84,118,122,118,84,84,84,162,152,109,92,109,149,165,127,132,202,128,84,128,92,153,219,141,211,116,147,121,154,138,116,112,84
100,123,149,137,115,105,157,84,116,122,104,107,134,132,105,203,103,132,84,129,191,118,109,128,135,125,137,144,116,142,122,205,127,204,107,163,161,188,101,220,144,109,218,127,127,123,110,84,96,134,89,128,109,131,135,131,129,84,123,196,121,113,115,123,139,84,84,84,119,135,113,141,131,84,92,137,104,181,153,121,139,152,101,109,149,128,98,157,144,92,122,90,134,127,94,115,128,109,119,149,84,115,118,105,128,84,134,122,128,113,122,84,112,84,103,160,84,129,90,113,118,110,84,132,96,144,115,132,162,163,122,107,153,154,121,142,87,144,202,101,190,116,138,84,135,149,132,161,105
101,113,132,112,109,84,144,145,98,100,84,145,109,147,128,196,125,144,131,132,166,118,134,119,84,107,84,125,96,153,113,188,121,206,89,150,161,181,127,209,84,100,202,149,95,147,110,123,95,141,152,145,128,158,116,186,104,100,84,167,96,112,103,132,84,118,100,84,110,141,123,122,149,118,118,139,147,113,118,160,128,153,98,156,153,145,135,168,138,118,145,118,113,84,84,170,125,145,141,141,145,141,129,128,84,123,84,144,84,84,118,131,122,119,121,84,107,132,115,144,116,90,145,147,121,84,141,105,144,158,123,145,160,127,125,84,123,100,218,105,137,144,100,135,147,153,101,153,100
102,98,101,84,128,90,109,118,84,116,100,92,112,132,84,199,150,147,104,123,166,94,105,138,123,84,103,98,84,162,84,197,116,167,167,160,122,199,128,197,121,129,147,161,162,163,107,89,142,134,122,135,87,161,125,200,104,141,118,182,135,115,84,84,145,125,128,118,125,134,139,123,107,142,98,110,84,161,167,112,147,137,84,84,127,122,116,179,84,98,107,86,110,86,123,147,123,113,118,123,139,138,134,131,100,103,95,116,84,113,84,110,84,121,129,123,109,121,107,153,87,141,96,161,132,119,94,135,153,109,131,125,150,90,84,128,132,84,204,144,158,129,116,107,135,153,128,156,113
103,101,96,121,139,122,100,150,87,125,134,89,147,110,121,188,141,121,119,110,134,100,121,144,112,84,84,115,84,182,134,188,145,181,141,168,132,186,121,199,89,129,192,172,166,154,104,113,144,162,118,92,84,163,147,202,141,132,125,167,144,100,84,129,84,121,127,141,116,107,134,100,107,119,104,115,95,172,112,103,123,153,105,132,157,104,84,168,129,84,115,104,152,132,115,162,138,128,129,139,112,118,129,132,89,92,98,89,98,84,84,92,84,129,113,147,105,116,123,178,125,141,84,163,131,129,94,137,118,171,122,107,115,87,103,142,128,115,202,145,139,119,138,135,157,180,135,141,116
104,95,128,128,101,119,113,98,145,84,115,115,147,139,103,168,137,156,113,84,119,116,115,128,122,86,131,84,90,84,104,206,84,182,132,178,134,200,134,210,154,110,147,157,149,170,116,96,147,157,109,145,152,134,149,160,113,84,116,207,149,149,121,86,139,113,135,119,84,100,103,142,115,139,84,127,138,137,172,176,90,122,127,101,160,96,149,147,89,142,123,132,170,127,153,171,157,145,144,125,137,84,100,84,141,141,90,96,122,107,109,84,113,104,119,157,103,84,128,154,113,128,131,152,105,94,90,172,138,179,158,139,196,139,127,152,188,147,176,94,201,145,84,116,137,154,127,139,137
105,84,121,90,104,92,135,84,121,101,121,104,129,168,84,103,90,153,135,128,132,92,110,142,128,110,90,158,138,134,84,190,100,162,112,138,192,212,158,208,149,134,218,122,112,167,142,153,84,147,149,104,128,135,87,174,145,131,137,186,84,84,112,121,131,128,127,98,84,152,95,149,138,119,132,137,149,134,129,84,135,139,122,131,176,147,98,186,147,129,105,161,165,113,147,165,84,157,123,121,121,160,112,123,110,150,109,84,84,84,103,125,84,132,84,132,104,115,145,161,135,179,135,144,161,121,139,137,132,176,123,84,190,100,132,110,144,153,196,138,195,84,92,113,128,141,87,134,122
106,84,138,87,96,84,84,96,132,104,137,142,156,147,125,138,116,149,127,98,128,123,118,121,84,153,84,129,122,121,137,176,156,192,84,160,141,214,84,186,135,142,209,154,92,168,84,115,92,89,92,109,112,147,129,152,145,150,119,165,139,122,84,181,119,113,92,84,142,137,144,121,125,125,137,149,94,183,125,142,121,84,109,137,119,127,147,128,96,113,137,154,131,142,84,166,142,137,132,122,113,149,132,113,105,116,128,131,100,84,137,119,92,100,84,135,127,115,123,182,135,123,129,179,121,150,128,134,84,147,150,84,190,147,100,150,144,162,203,150,191,84,84,104,84,139,104,152,125
107,115,95,131,123,131,132,104,84,121,107,105,162,153,84,139,138,141,125,147,138,142,141,101,132,134,122,145,135,145,149,193,127,206,156,186,170,176,139,202,107,160,193,144,123,163,113,137,144,170,153,144,105,128,119,190,87,100,118,206,101,139,137,153,162,149,89,154,112,152,123,125,113,142,147,147,129,172,153,163,138,119,122,138,109,134,158,160,147,125,84,149,100,101,132,187,98,163,150,135,161,96,109,105,107,104,103,134,116,84,84,112,100,119,129,153,90,96,158,190,101,127,90,131,135,115,127,112,109,147,134,125,192,132,95,127,118,154,186,95,199,147,125,104,115,90,104,158,129
108,84,129,116,153,101,149,84,131,132,131,134,162,145,135,156,121,147,86,105,84,113,115,95,139,134,84,153,134,137,105,178,84,190,116,168,138,200,123,153,138,145,216,165,132,154,101,125,122,138,119,134,142,113,152,187,84,134,149,185,122,144,134,139,132,98,84,84,122,165,135,84,95,147,129,129,144,166,122,135,101,139,95,145,84,135,100,131,107,84,98,171,127,121,132,167,145,154,131,129,100,128,149,115,118,116,84,95,84,110,84,141,110,116,92,132,113,84,147,204,116,152,149,142,123,135,147,142,127,116,103,84,193,125,115,101,139,154,195,156,203,132,84,113,128,139,139,104,107
109,98,122,128,113,132,128,131,101,166,104,147,158,139,113,163,116,185,128,121,149,121,107,84,174,162,125,107,137,123,132,160,149,185,137,171,131,191,138,202,89,116,216,150,135,157,127,127,147,141,96,131,152,121,147,171,157,110,89,176,118,168,110,174,154,129,125,132,127,157,113,129,115,128,172,116,127,179,127,152,141,84,110,86,129,87,127,135,152,131,123,84,147,141,142,132,90,137,168,147,84,116,137,118,84,115,109,98,105,84,90,84,113,84,118,137,118,110,84,116,119,103,105,100,135,113,119,147,137,131,165,125,165,104,94,150,122,107,202,161,210,152,138,139,101,125,138,172,121
110,87,129,107,84,112,138,122,84,147,119,100,131,150,139,176,129,153,96,84,154,100,121,105,190,149,84,103,110,127,113,161,110,196,154,139,153,176,132,197,96,131,211,87,168,162,141,118,156,178,118,168,137,135,119,158,142,145,141,179,147,135,128,166,152,127,165,144,147,84,172,138,128,125,176,162,150,168,138,153,154,141,157,139,150,154,121,176,161,131,170,158,144,157,147,160,144,168,156,128,171,165,154,147,122,134,96,107,116,105,109,96,101,127,112,118,132,84,152,170,101,89,145,89,110,153,121,129,92,107,149,138,141,113,123,116,145,113,201,132,202,109,128,135,109,127,90,84,112
111,113,115,129,98,147,103,134,128,131,112,144,138,105,127,183,128,128,84,94,168,115,103,137,139,92,84,109,86,135,121,84,154,182,119,84,161,201,153,201,84,127,199,128,135,152,131,144,153,105,131,118,109,157,139,150,127,147,110,187,123,150,123,152,153,153,119,129,123,95,84,168,110,104,135,118,115,174,160,118,134,139,138,116,109,84,98,158,118,115,87,161,142,147,121,113,122,103,139,84,103,129,127,134,90,134,89,144,122,84,122,112,84,84,125,144,95,98,153,166,84,98,150,89,84,141,145,149,113,109,89,98,147,135,131,132,150,152,188,135,167,132,154,118,123,104,105,138,137
112,107,113,118,105,132,128,153,95,84,119,129,153,132,119,156,139,104,84,84,171,84,94,122,119,131,104,92,118,156,137,176,168,171,123,141,147,199,150,191,122,144,180,160,87,152,121,135,163,153,149,84,121,160,122,113,110,84,145,174,110,166,138,150,147,129,147,132,145,104,100,160,119,101,172,116,129,179,156,166,150,157,128,132,144,131,127,158,131,131,128,165,152,116,122,145,84,129,157,110,135,110,119,154,92,109,139,115,145,101,142,84,84,87,129,156,101,84,150,119,84,104,153,123,115,118,131,127,123,118,84,84,161,141,94,119,161,168,137,131,166,121,165,119,101,147,116,123,103
113,128,104,96,109,122,96,107,90,110,103,156,157,131,100,138,154,129,92,84,104,128,122,128,153,135,127,94,103,137,163,176,119,185,163,158,127,171,167,191,153,167,176,141,84,119,165,134,161,179,84,115,90,161,131,176,166,156,171,174,139,163,157,150,157,142,112,119,139,84,135,127,144,135,149,145,125,147,142,170,147,100,139,119,127,153,144,141,141,152,86,135,142,131,135,110,158,122,119,152,145,149,145,87,142,131,107,84,134,98,118,134,107,127,138,125,92,84,199,171,125,115,150,129,116,95,101,145,158,139,137,150,168,94,105,105,119,139,165,118,168,90,149,118,131,153,150,121,89
